{
  "model_name": "meta-llama/Meta-Llama-3-8B-Instruct",
  "device": "cuda",
  "seed": 0,
  "source_persona": "pirate",
  "target_persona": "lawyer",
  "alphas": [
    0,
    1,
    2,
    3,
    5,
    8,
    10,
    15,
    20,
    30
  ],
  "best_layer": 31,
  "layer_indices": [
    0,
    4,
    8,
    12,
    16,
    20,
    24,
    28,
    31
  ],
  "layer_stride": 4,
  "n_questions": 40,
  "num_layers": 32,
  "steering_vector_norm": 88.16956329345703,
  "sigmoid_params": {
    "a": 95.32375307216772,
    "b": 5.6331863665829855,
    "c": 0.8021692258237592,
    "a_se": 1.6744333546558021,
    "b_se": 4.633407678830946,
    "c_se": 0.1667540758280225,
    "r_squared": 0.9813319656384881,
    "transition_sharpness": 134.24411655441455
  }
}