a,b,c,a_se,b_se,c_se,r_squared,transition_sharpness
95.32375307216772,5.6331863665829855,0.8021692258237592,1.6744333546558021,4.633407678830946,0.1667540758280225,0.9813319656384881,134.24411655441455
