,honesty,assertiveness,warmth,deference,analytical_rigor,humor,suspicion,impulsivity
honesty,413.26216961648834,191.1500744835363,565.1892067955761,667.4845535543652,880.1249427322953,864.6989254520224,392.52716117696025,771.7223141132197
assertiveness,348.64024062116164,225.02533223676497,599.1619891484667,665.6403064396197,848.5973976450601,885.7494066112292,374.20581072986766,788.9408117869903
warmth,335.0035678163123,175.63512599322058,759.1463197073177,665.0192597673499,873.8662464352017,967.1441328393091,365.9883282474792,798.1203148861555
deference,361.8154986636155,170.87320576692494,597.5275504932799,842.7824641177431,954.3663886711678,942.4550481832179,410.85077234352366,898.1590259947465
analytical_rigor,403.57615566249297,185.39234763259824,620.5957718016394,778.745217899576,1057.040478419431,990.5126196813629,390.8784539641603,925.7654192247101
humor,360.91971687174816,176.79700703098212,677.3406099033601,726.7823580724817,958.8417534227744,1121.401368323341,374.91414316462766,866.7394498485233
suspicion,362.6650889844308,168.07358923904889,550.9157461354308,685.3143170903838,824.2318302227047,836.270714159192,480.7355827634741,750.3801286249692
impulsivity,307.7928011862556,135.89287540411627,497.35007641578113,728.9861333980947,931.5313304300195,861.0209478732031,311.39726882438424,1028.8038967706636
