,honesty,assertiveness,warmth,deference,analytical_rigor,humor,suspicion,impulsivity
honesty,162.02419967651366,107.37117996215821,-36.374696660041806,57.97291107177735,102.91599311828614,-57.26506233215332,-91.0467658996582,-31.297756376862527
assertiveness,107.71042327880859,162.90326843261718,-43.66249675750733,16.154382622241975,71.26510772705078,-39.282251513004304,-62.34977035522461,-5.972946453094482
warmth,-23.06280300617218,-30.005298614501953,148.4904800415039,6.495276546478271,-57.907254695892334,87.22079849243164,-17.42926979660988,30.121744203567506
deference,67.15747146606445,25.448321604728697,2.5636724472045898,153.20697021484375,95.83624839782715,-69.79563255310059,-93.47412986755371,-75.26738624572754
analytical_rigor,111.01544570922852,79.35487289428711,-62.9504487991333,94.9338005065918,153.61732482910156,-96.11633911132813,-57.88997936248779,-96.47503967285157
humor,-50.49906597137451,-32.471127128601076,81.01295356750488,-72.4426118850708,-97.95677947998047,155.86363983154297,20.2288245677948,88.14019927978515
suspicion,-84.54611511230469,-55.939683532714845,-24.472881698608397,-96.2625358581543,-60.06937885284424,19.517516994476317,153.97617263793944,32.84382734298706
impulsivity,-45.50953769683838,-20.378617000579833,3.964882659912109,-99.36409301757813,-119.97912826538087,68.84116268157959,14.064806342124939,177.5519287109375
