{
  "experiment": "oq2_dimensionality",
  "model_name": "meta-llama/Meta-Llama-3-8B-Instruct",
  "device": "cuda",
  "seed": 0,
  "num_layers": 32,
  "layer_stride": 4,
  "layer_indices": [
    0,
    4,
    8,
    12,
    16,
    20,
    24,
    28,
    31
  ],
  "best_layer": 31,
  "n_personas": 10,
  "n_questions": 40,
  "n_traits": 8,
  "trait_names": [
    "honesty",
    "assertiveness",
    "warmth",
    "deference",
    "analytical_rigor",
    "humor",
    "suspicion",
    "impulsivity"
  ],
  "persona_names": [
    "assistant",
    "pirate",
    "lawyer",
    "scientist",
    "comedian",
    "stoic",
    "conspiracy_host",
    "kind_teacher",
    "drill_sergeant",
    "diplomat"
  ],
  "trait_effective_rank_95": 6,
  "trait_effective_rank_99": 7,
  "persona_effective_rank_95": 7,
  "persona_effective_rank_99": 9,
  "trait_singular_values": [
    1.893925666809082,
    1.1502026319503784,
    1.0796481370925903,
    0.7503578066825867,
    0.5542243719100952,
    0.5177485346794128,
    0.32045406103134155,
    7.705104962951737e-07
  ],
  "persona_singular_values": [
    1.2558058500289917,
    0.8930569291114807,
    0.8424685001373291,
    0.7829706072807312,
    0.7262002825737,
    0.5754033923149109,
    0.5379030108451843,
    0.38290518522262573,
    0.26011326909065247,
    4.99276097798429e-07
  ],
  "trait_vectors_path": null
}