{
  "experiment": "oq3_coherence_manifold",
  "model_name": "meta-llama/Meta-Llama-3-8B-Instruct",
  "device": "cuda",
  "seed": 0,
  "num_layers": 32,
  "layer_stride": 4,
  "layer_indices": [
    0,
    4,
    8,
    12,
    16,
    20,
    24,
    28,
    31
  ],
  "best_layer": 31,
  "n_personas": 10,
  "n_questions": 40,
  "n_traits": 8,
  "n_samples": 200,
  "max_new_tokens": 100,
  "trait_names": [
    "honesty",
    "assertiveness",
    "warmth",
    "deference",
    "analytical_rigor",
    "humor",
    "suspicion",
    "impulsivity"
  ],
  "persona_names": [
    "assistant",
    "pirate",
    "lawyer",
    "scientist",
    "comedian",
    "stoic",
    "conspiracy_host",
    "kind_teacher",
    "drill_sergeant",
    "diplomat"
  ],
  "manifold_effective_rank_95": 5,
  "manifold_effective_rank_99": 7,
  "manifold_top10_singular_values": [
    85.10249328613281,
    43.84330368041992,
    35.15695571899414,
    24.151742935180664,
    15.77608585357666,
    14.230789184570312,
    12.28516674041748,
    8.209137916564941,
    1.613274335861206,
    0.8684978485107422
  ],
  "mean_coherence_known": 0.6571254863045454,
  "mean_coherence_interpolation": 0.6593008064486167,
  "mean_coherence_random": 0.6520760422772661
}